{
  "prepare_queue": {
    "installed": [],
    "uninstalled": []
  },
  "config_munge": {
    "files": {
      "AndroidManifest.xml": {
        "parents": {
          "/manifest/uses-permission": [
            {
              "xml": "<manifest xmlns:android=\"http://schemas.android.com/apk/res/android\"><uses-permission android:name=\"android.permission.READ_CONTACTS\" /><uses-permission android:name=\"android.permission.WRITE_CONTACTS\" /></manifest>",
              "count": 1,
              "mode": "merge",
              "id": "config.xml",
              "oldAttrib": {
                "android:name": "android.permission.INTERNET",
                "xmlns:android": "http://schemas.android.com/apk/res/android"
              }
            }
          ],
          "/*": [
            {
              "xml": "<uses-permission android:name=\"android.permission.READ_CONTACTS\" />",
              "count": 1
            },
            {
              "xml": "<uses-permission android:name=\"android.permission.WRITE_CONTACTS\" />",
              "count": 1
            },
            {
              "xml": "<uses-permission android:name=\"android.permission.GET_ACCOUNTS\" />",
              "count": 1
            },
            {
              "xml": "<uses-permission android:name=\"android.permission.ACCESS_NETWORK_STATE\" />",
              "count": 1
            }
          ],
          "application": [
            {
              "xml": "<provider android:authorities=\"${applicationId}.cordova.plugin.camera.provider\" android:exported=\"false\" android:grantUriPermissions=\"true\" android:name=\"org.apache.cordova.camera.FileProvider\"><meta-data android:name=\"android.support.FILE_PROVIDER_PATHS\" android:resource=\"@xml/camera_provider_paths\" /></provider>",
              "count": 1
            }
          ],
          "queries": [
            {
              "xml": "<intent><action android:name=\"android.media.action.IMAGE_CAPTURE\" /></intent>",
              "count": 1
            },
            {
              "xml": "<intent><action android:name=\"android.intent.action.GET_CONTENT\" /></intent>",
              "count": 1
            },
            {
              "xml": "<intent><action android:name=\"android.intent.action.PICK\" /></intent>",
              "count": 1
            },
            {
              "xml": "<intent><action android:name=\"com.android.camera.action.CROP\" /><data android:mimeType=\"image/*\" android:scheme=\"content\" /></intent>",
              "count": 1
            }
          ]
        }
      },
      "res/xml/config.xml": {
        "parents": {
          "/*": [
            {
              "xml": "<feature name=\"Contacts\"><param name=\"android-package\" value=\"org.apache.cordova.contacts.ContactManager\" /></feature>",
              "count": 1
            },
            {
              "xml": "<feature name=\"NetworkStatus\"><param name=\"android-package\" value=\"org.apache.cordova.networkinformation.NetworkManager\" /></feature>",
              "count": 1
            },
            {
              "xml": "<feature name=\"Notification\"><param name=\"android-package\" value=\"org.apache.cordova.dialogs.Notification\" /></feature>",
              "count": 1
            },
            {
              "xml": "<feature name=\"Camera\"><param name=\"android-package\" value=\"org.apache.cordova.camera.CameraLauncher\" /></feature>",
              "count": 1
            }
          ]
        }
      }
    }
  },
  "installed_plugins": {
    "cordova-plugin-contacts": {
      "PACKAGE_NAME": "com.example.contactapp"
    },
    "cordova-plugin-network-information": {
      "PACKAGE_NAME": "com.example.contactapp"
    },
    "cordova-plugin-dialogs": {
      "PACKAGE_NAME": "com.example.contactapp"
    },
    "cordova-plugin-camera": {
      "ANDROIDX_CORE_VERSION": "1.6.+",
      "PACKAGE_NAME": "com.example.contactapp"
    }
  },
  "dependent_plugins": {},
  "modules": [
    {
      "id": "cordova-plugin-contacts.contacts",
      "file": "plugins/cordova-plugin-contacts/www/contacts.js",
      "pluginId": "cordova-plugin-contacts",
      "clobbers": [
        "navigator.contacts"
      ]
    },
    {
      "id": "cordova-plugin-contacts.Contact",
      "file": "plugins/cordova-plugin-contacts/www/Contact.js",
      "pluginId": "cordova-plugin-contacts",
      "clobbers": [
        "Contact"
      ]
    },
    {
      "id": "cordova-plugin-contacts.convertUtils",
      "file": "plugins/cordova-plugin-contacts/www/convertUtils.js",
      "pluginId": "cordova-plugin-contacts"
    },
    {
      "id": "cordova-plugin-contacts.ContactAddress",
      "file": "plugins/cordova-plugin-contacts/www/ContactAddress.js",
      "pluginId": "cordova-plugin-contacts",
      "clobbers": [
        "ContactAddress"
      ]
    },
    {
      "id": "cordova-plugin-contacts.ContactError",
      "file": "plugins/cordova-plugin-contacts/www/ContactError.js",
      "pluginId": "cordova-plugin-contacts",
      "clobbers": [
        "ContactError"
      ]
    },
    {
      "id": "cordova-plugin-contacts.ContactField",
      "file": "plugins/cordova-plugin-contacts/www/ContactField.js",
      "pluginId": "cordova-plugin-contacts",
      "clobbers": [
        "ContactField"
      ]
    },
    {
      "id": "cordova-plugin-contacts.ContactFindOptions",
      "file": "plugins/cordova-plugin-contacts/www/ContactFindOptions.js",
      "pluginId": "cordova-plugin-contacts",
      "clobbers": [
        "ContactFindOptions"
      ]
    },
    {
      "id": "cordova-plugin-contacts.ContactName",
      "file": "plugins/cordova-plugin-contacts/www/ContactName.js",
      "pluginId": "cordova-plugin-contacts",
      "clobbers": [
        "ContactName"
      ]
    },
    {
      "id": "cordova-plugin-contacts.ContactOrganization",
      "file": "plugins/cordova-plugin-contacts/www/ContactOrganization.js",
      "pluginId": "cordova-plugin-contacts",
      "clobbers": [
        "ContactOrganization"
      ]
    },
    {
      "id": "cordova-plugin-contacts.ContactFieldType",
      "file": "plugins/cordova-plugin-contacts/www/ContactFieldType.js",
      "pluginId": "cordova-plugin-contacts",
      "merges": [
        ""
      ]
    },
    {
      "id": "cordova-plugin-network-information.network",
      "file": "plugins/cordova-plugin-network-information/www/network.js",
      "pluginId": "cordova-plugin-network-information",
      "clobbers": [
        "navigator.connection"
      ]
    },
    {
      "id": "cordova-plugin-network-information.Connection",
      "file": "plugins/cordova-plugin-network-information/www/Connection.js",
      "pluginId": "cordova-plugin-network-information",
      "clobbers": [
        "Connection"
      ]
    },
    {
      "id": "cordova-plugin-dialogs.notification",
      "file": "plugins/cordova-plugin-dialogs/www/notification.js",
      "pluginId": "cordova-plugin-dialogs",
      "merges": [
        "navigator.notification"
      ]
    },
    {
      "id": "cordova-plugin-dialogs.notification_android",
      "file": "plugins/cordova-plugin-dialogs/www/android/notification.js",
      "pluginId": "cordova-plugin-dialogs",
      "merges": [
        "navigator.notification"
      ]
    },
    {
      "id": "cordova-plugin-camera.Camera",
      "file": "plugins/cordova-plugin-camera/www/CameraConstants.js",
      "pluginId": "cordova-plugin-camera",
      "clobbers": [
        "Camera"
      ]
    },
    {
      "id": "cordova-plugin-camera.CameraPopoverOptions",
      "file": "plugins/cordova-plugin-camera/www/CameraPopoverOptions.js",
      "pluginId": "cordova-plugin-camera",
      "clobbers": [
        "CameraPopoverOptions"
      ]
    },
    {
      "id": "cordova-plugin-camera.camera",
      "file": "plugins/cordova-plugin-camera/www/Camera.js",
      "pluginId": "cordova-plugin-camera",
      "clobbers": [
        "navigator.camera"
      ]
    },
    {
      "id": "cordova-plugin-camera.CameraPopoverHandle",
      "file": "plugins/cordova-plugin-camera/www/CameraPopoverHandle.js",
      "pluginId": "cordova-plugin-camera",
      "clobbers": [
        "CameraPopoverHandle"
      ]
    }
  ],
  "plugin_metadata": {
    "cordova-plugin-contacts": "3.0.1",
    "cordova-plugin-network-information": "3.0.0",
    "cordova-plugin-dialogs": "2.0.2",
    "cordova-plugin-camera": "8.0.0"
  }
}
