{
  "prepare_queue": {
    "installed": [],
    "uninstalled": []
  },
  "config_munge": {
    "files": {
      "config.xml": {
        "parents": {
          "/*": [
            {
              "xml": "<feature name=\"Camera\"><param name=\"browser-package\" value=\"Camera\" /></feature>",
              "count": 1
            }
          ]
        }
      }
    }
  },
  "installed_plugins": {
    "cordova-plugin-contacts": {
      "PACKAGE_NAME": "com.example.contactapp"
    },
    "cordova-plugin-network-information": {
      "PACKAGE_NAME": "com.example.contactapp"
    },
    "cordova-plugin-dialogs": {
      "PACKAGE_NAME": "com.example.contactapp"
    },
    "cordova-plugin-camera": {
      "PACKAGE_NAME": "com.example.contactapp"
    }
  },
  "dependent_plugins": {},
  "modules": [
    {
      "file": "plugins/cordova-plugin-contacts/www/contacts.js",
      "id": "cordova-plugin-contacts.contacts",
      "pluginId": "cordova-plugin-contacts",
      "clobbers": [
        "navigator.contacts"
      ]
    },
    {
      "file": "plugins/cordova-plugin-contacts/www/Contact.js",
      "id": "cordova-plugin-contacts.Contact",
      "pluginId": "cordova-plugin-contacts",
      "clobbers": [
        "Contact"
      ]
    },
    {
      "file": "plugins/cordova-plugin-contacts/www/convertUtils.js",
      "id": "cordova-plugin-contacts.convertUtils",
      "pluginId": "cordova-plugin-contacts"
    },
    {
      "file": "plugins/cordova-plugin-contacts/www/ContactAddress.js",
      "id": "cordova-plugin-contacts.ContactAddress",
      "pluginId": "cordova-plugin-contacts",
      "clobbers": [
        "ContactAddress"
      ]
    },
    {
      "file": "plugins/cordova-plugin-contacts/www/ContactError.js",
      "id": "cordova-plugin-contacts.ContactError",
      "pluginId": "cordova-plugin-contacts",
      "clobbers": [
        "ContactError"
      ]
    },
    {
      "file": "plugins/cordova-plugin-contacts/www/ContactField.js",
      "id": "cordova-plugin-contacts.ContactField",
      "pluginId": "cordova-plugin-contacts",
      "clobbers": [
        "ContactField"
      ]
    },
    {
      "file": "plugins/cordova-plugin-contacts/www/ContactFindOptions.js",
      "id": "cordova-plugin-contacts.ContactFindOptions",
      "pluginId": "cordova-plugin-contacts",
      "clobbers": [
        "ContactFindOptions"
      ]
    },
    {
      "file": "plugins/cordova-plugin-contacts/www/ContactName.js",
      "id": "cordova-plugin-contacts.ContactName",
      "pluginId": "cordova-plugin-contacts",
      "clobbers": [
        "ContactName"
      ]
    },
    {
      "file": "plugins/cordova-plugin-contacts/www/ContactOrganization.js",
      "id": "cordova-plugin-contacts.ContactOrganization",
      "pluginId": "cordova-plugin-contacts",
      "clobbers": [
        "ContactOrganization"
      ]
    },
    {
      "file": "plugins/cordova-plugin-contacts/www/ContactFieldType.js",
      "id": "cordova-plugin-contacts.ContactFieldType",
      "pluginId": "cordova-plugin-contacts",
      "merges": [
        ""
      ]
    },
    {
      "file": "plugins/cordova-plugin-contacts/src/browser/ContactsProxy.js",
      "id": "cordova-plugin-contacts.ContactsProxy",
      "pluginId": "cordova-plugin-contacts",
      "merges": [
        "navigator.contacts"
      ]
    },
    {
      "file": "plugins/cordova-plugin-network-information/www/network.js",
      "id": "cordova-plugin-network-information.network",
      "pluginId": "cordova-plugin-network-information",
      "clobbers": [
        "navigator.connection"
      ]
    },
    {
      "file": "plugins/cordova-plugin-network-information/www/Connection.js",
      "id": "cordova-plugin-network-information.Connection",
      "pluginId": "cordova-plugin-network-information",
      "clobbers": [
        "Connection"
      ]
    },
    {
      "file": "plugins/cordova-plugin-network-information/src/browser/network.js",
      "id": "cordova-plugin-network-information.NetworkInfoProxy",
      "pluginId": "cordova-plugin-network-information",
      "runs": true
    },
    {
      "file": "plugins/cordova-plugin-dialogs/www/notification.js",
      "id": "cordova-plugin-dialogs.notification",
      "pluginId": "cordova-plugin-dialogs",
      "merges": [
        "navigator.notification"
      ]
    },
    {
      "file": "plugins/cordova-plugin-dialogs/www/browser/notification.js",
      "id": "cordova-plugin-dialogs.notification_browser",
      "pluginId": "cordova-plugin-dialogs",
      "merges": [
        "navigator.notification"
      ]
    },
    {
      "file": "plugins/cordova-plugin-camera/www/CameraConstants.js",
      "id": "cordova-plugin-camera.Camera",
      "pluginId": "cordova-plugin-camera",
      "clobbers": [
        "Camera"
      ]
    },
    {
      "file": "plugins/cordova-plugin-camera/www/CameraPopoverOptions.js",
      "id": "cordova-plugin-camera.CameraPopoverOptions",
      "pluginId": "cordova-plugin-camera",
      "clobbers": [
        "CameraPopoverOptions"
      ]
    },
    {
      "file": "plugins/cordova-plugin-camera/www/Camera.js",
      "id": "cordova-plugin-camera.camera",
      "pluginId": "cordova-plugin-camera",
      "clobbers": [
        "navigator.camera"
      ]
    },
    {
      "file": "plugins/cordova-plugin-camera/src/browser/CameraProxy.js",
      "id": "cordova-plugin-camera.CameraProxy",
      "pluginId": "cordova-plugin-camera",
      "runs": true
    }
  ],
  "plugin_metadata": {
    "cordova-plugin-contacts": "3.0.1",
    "cordova-plugin-network-information": "3.0.0",
    "cordova-plugin-dialogs": "2.0.2",
    "cordova-plugin-camera": "8.0.0"
  }
}
